,df,BIC,AICc,dAICc,df,weight,npar,AIC,BIC,logLik,deviance,Chisq,Df,Pr(>Chisq),
lmer.1,4,22073.29917,11408.04275,0,11,0.998428408,4,22042.71642,22073.29917,-11017.35821,22034.71642,NA,NA,NA,"lmer.1 <- lmer(advantageous ~ stable +(1|run_id), data=df, REML=FALSE)"
lmer.2,5,22081.43151,11422.20311,14.16035925,9,0.000840299,5,22043.20307,22081.43151,-11016.60154,22033.20307,1.513346142,1,0.218629204,"lmer.2 <- lmer(advantageous ~ stable + schiz_score +(1|run_id), data=df, REML=FALSE)"
lmer.3,6,21794.27717,11422.481,14.43824801,10,0.000731293,6,21748.40305,21794.27717,-10868.20152,21736.40305,296.8000245,1,1.64E-66,"lmer.3 <- lmer(advantageous ~ stable + schiz_score + scale(diff4) + (1|run_id), data=df, REML=FALSE)"
lmer.4,7,21795.7158,21741.3452,10333.30245,8,0,7,21742.19598,21795.7158,-10864.09799,21728.19598,8.207066506,1,0.004172756,"lmer.4 <- lmer(advantageous ~ stable + schiz_score + scale(diff4) + scale(max1) +(1|run_id), data=df, REML=FALSE)"
lmer.5,8,21802.50138,21742.20323,10334.16048,7,0,8,21741.33588,21802.50138,-10862.66794,21725.33588,2.860102731,1,0.090801699,"lmer.5 <- lmer(advantageous ~ stable + schiz_score + scale(diff4) + scale(max1) + scale(max1):scale(diff4) + (1|run_id), data=df, REML=FALSE)"
lmer.6,9,11491.00264,21748.40848,10340.36574,6,0,9,11422.19145,11491.00264,-5702.095727,11404.19145,10321.14442,1,0,"lmer.6 <- lmer(advantageous ~ stable + schiz_score + scale(diff4) + scale(max1) + scale(max1):scale(diff4) + reward +(1|run_id), data=df, REML=FALSE)"
lmer.7,10,11498.92363,22042.71901,10634.67626,4,0,10,11422.46675,11498.92363,-5701.233376,11402.46675,1.724701996,1,0.189088918,"lmer.7 <- lmer(advantageous ~ stable + schiz_score + scale(diff4) + scale(max1) + scale(max1):scale(diff4) + reward + cum_reward + (1|run_id), data=df, REML=FALSE)"
lmer.8,11,11492.12822,22043.20696,10635.16421,5,0,11,11408.02565,11492.12822,-5693.012827,11386.02565,16.44109812,1,5.02E-05,"lmer.8 <- lmer(advantageous ~ stable + schiz_score + scale(diff4) + scale(max1) + scale(max1):scale(diff4) + reward + cum_reward + cum_reward:scale(max1) + (1|run_id), data=df, REML=FALSE)"
