,df,BIC,AICc,dAICc,df,weight,npar,AIC,BIC,logLik,deviance,Chisq,Df,Pr(>Chisq),
lmer.1,4,26370.56329,25698.00421,0,12,1,4,26339.26984,26370.56329,-13165.63492,26331.26984,NA,NA,NA,"lmer.1 <- lmer(advantageous ~ stable +(1|run_id), data=df, REML=FALSE)"
lmer.2,5,26374.5613,25869.86777,171.863555,10,4.79E-38,5,26335.44449,26374.5613,-13162.72225,26325.44449,5.825347728,1,0.015796845,"lmer.2 <- lmer(advantageous ~ stable + stress +(1|run_id), data=df, REML=FALSE)"
lmer.3,6,26384.30348,25896.25094,198.2467266,9,8.94E-44,6,26337.36332,26384.30348,-13162.68166,26325.36332,0.081178453,1,0.775706715,"lmer.3 <- lmer(advantageous ~ stable + stress + stress:stable +(1|run_id), data=df, REML=FALSE)"
lmer.4,7,26341.20834,25925.50344,227.4992225,8,3.97E-50,7,26286.4448,26341.20834,-13136.2224,26272.4448,52.91851069,1,3.48E-13,"lmer.4 <- lmer(advantageous ~ stable + stress + stress:stable + scale(max1) +(1|run_id), data=df, REML=FALSE)"
lmer.5,8,25988.08252,26286.45087,588.4466603,7,1.66E-128,8,25925.49563,25988.08252,-12954.74782,25909.49563,362.9491724,1,6.42E-81,"lmer.5 <- lmer(advantageous ~ stable + stress + stress:stable + scale(max1) + scale(diff3) +(1|run_id), data=df, REML=FALSE)"
lmer.6,9,25966.65144,26335.44775,637.443531,5,3.81E-139,9,25896.24118,25966.65144,-12939.12059,25878.24118,31.25444754,1,2.26E-08,"lmer.6 <- lmer(advantageous ~ stable + stress + stress:stable + scale(max1) + scale(diff3) + scale(diff2) +(1|run_id), data=df, REML=FALSE)"
lmer.7,10,25948.08946,26337.36787,639.3636533,6,1.46E-139,10,25869.85584,25948.08946,-12924.92792,25849.85584,28.38534033,1,9.94E-08,"lmer.7 <- lmer(advantageous ~ stable + stress + stress:stable + scale(max1) + scale(diff3) + scale(diff2) +scale(diff1) +(1|run_id), data=df, REML=FALSE)"
lmer.8,12,25791.86764,26339.27201,641.2677948,4,5.63E-140,12,25697.9873,25791.86764,-12836.99365,25673.9873,175.8685435,2,6.47E-39,"lmer.8 <- lmer(advantageous ~ stable + stress + stress:stable + scale(max1) + scale(diff3) + scale(diff2) +scale(diff1) + cum_reward:stable + (1|run_id), data=df, REML=FALSE)"
,,,,,,,,,,,,,,,
,,,,,,,,,,,,,,,
Notes:,,,,,,,,,,,,,,,
stable + stress + stress:stable + scale(max1) + scale(diff3) + scale(diff2) +scale(diff1) + cum_reward:stable,,,,,,,,,,,,,,,
1. Stress - drop,,,,,,,,,,,,,,,
2. Stress:Stable - Increase,,,,,,,,,,,,,,,
3. Scale(Max1) - drop,,,,,,,,,,,,,,,
4. Scale(diff3) - Very significant drop,,,,,,,,,,,,,,,
"5. scale(diff2) +scale(diff1) + cum_reward:stable - drop, not so significant",,,,,,,,,,,,,,,
,,,,,,,,,,,,,,,
"Key variables- Scale(diff3), cum_reward:stable",,,,,,,,,,,,,,,
