,df,BIC,AICc,dAICc,df,weight,npar,AIC,BIC,logLik,deviance,Chisq,Df,Pr(>Chisq),
lmer.1,4,26370.56329,25777.04622,0,10,0.722337479,4,26339.26984,26370.56329,-13165.63492,26331.26984,NA,NA,NA,"lmer.1 <- lmer(advantageous ~ stable +(1|run_id), data=df, REML=FALSE)"
lmer.2,5,26374.5613,25778.95839,1.912172056,11,0.277662521,5,26335.44449,26374.5613,-13162.72225,26325.44449,5.825347728,1,0.015796845,"lmer.2 <- lmer(advantageous ~ stable + stress +(1|run_id), data=df, REML=FALSE)"
lmer.3,6,25994.30596,25895.99648,118.950266,9,1.07E-26,6,25947.3658,25994.30596,-12967.6829,25935.3658,390.078698,1,7.96E-87,"lmer.3 <- lmer(advantageous ~ stable + stress + scale(diff4) + (1|run_id), data=df, REML=FALSE)"
lmer.4,7,25978.74648,25897.98361,120.9373907,8,3.96E-27,7,25923.98295,25978.74648,-12954.99147,25909.98295,25.38284873,1,4.70E-07,"lmer.4 <- lmer(advantageous ~ stable + stress + scale(diff4) + scale(avg) +(1|run_id), data=df, REML=FALSE)"
lmer.5,8,25960.56269,25923.98902,146.9428007,7,8.92E-33,8,25897.9758,25960.56269,-12940.9879,25881.9758,28.00714458,1,1.21E-07,"lmer.5 <- lmer(advantageous ~ stable + stress + scale(diff4) + scale(avg) + scale(avg):scale(diff4) + (1|run_id), data=df, REML=FALSE)"
lmer.6,9,25966.39698,25947.37035,170.3241317,6,7.47E-38,9,25895.98673,25966.39698,-12938.99336,25877.98673,3.989076366,1,0.045796162,"lmer.6 <- lmer(advantageous ~ stable + stress + scale(diff4) + scale(avg) + scale(avg):scale(diff4) + trial_no +(1|run_id), data=df, REML=FALSE)"
lmer.7,10,25855.26791,26335.44775,558.4015289,5,4.01E-122,10,25777.03429,25855.26791,-12878.51715,25757.03429,120.9524347,1,3.91E-28,"lmer.7 <- lmer(advantageous ~ stable + stress + scale(diff4) + scale(avg) + scale(avg):scale(diff4) + trial_no + cum_reward + (1|run_id), data=df, REML=FALSE)"
lmer.8,11,25865.00105,26339.27201,562.2257927,4,5.93E-123,11,25778.94408,25865.00105,-12878.47204,25756.94408,0.090213673,1,0.76390569,"lmer.8 <- lmer(advantageous ~ stable + stress + scale(diff4) + scale(avg) + scale(avg):scale(diff4) + trial_no + cum_reward + cum_reward:scale(avg) + (1|run_id), data=df, REML=FALSE)"
