,df,BIC,AICc,dAICc,df,weight,npar,AIC,BIC,logLik,deviance,Chisq,Df,Pr(>Chisq),
lmer.1,4,26370.56329,25868.13181,0,11,0.999790935,4,26339.26984,26370.56329,-13165.63492,26331.26984,NA,NA,NA,"lmer.1 <- lmer(advantageous ~ stable +(1|run_id), data=df, REML=FALSE)"
lmer.2,5,26374.5613,25885.07712,16.94530908,10,0.000209065,5,26335.44449,26374.5613,-13162.72225,26325.44449,5.825347728,1,0.015796845,"lmer.2 <- lmer(advantageous ~ stable + stress +(1|run_id), data=df, REML=FALSE)"
lmer.3,6,26030.51705,25975.10271,106.9709015,9,5.91E-24,6,25983.57688,26030.51705,-12985.78844,25971.57688,353.8676148,1,6.09E-79,"lmer.3 <- lmer(advantageous ~ stable + stress + scale(diff2) + (1|run_id), data=df, REML=FALSE)"
lmer.4,7,26039.22265,25983.58143,115.4496179,6,8.52E-26,7,25984.45912,26039.22265,-12985.22956,25970.45912,1.117756787,1,0.290401989,"lmer.4 <- lmer(advantageous ~ stable + stress + scale(diff2) + scale(max1) +(1|run_id), data=df, REML=FALSE)"
lmer.5,8,26047.05454,25984.46519,116.3333788,7,5.48E-26,8,25984.46765,26047.05454,-12984.23382,25968.46765,1.991476583,1,0.158186575,"lmer.5 <- lmer(advantageous ~ stable + stress + scale(diff2) + scale(max1) + scale(max1):scale(diff2) + (1|run_id), data=df, REML=FALSE)"
lmer.6,9,26045.50321,25984.47545,116.3436369,8,5.45E-26,9,25975.09296,26045.50321,-12978.54648,25957.09296,11.37468707,1,0.000744518,"lmer.6 <- lmer(advantageous ~ stable + stress + scale(diff2) + scale(max1) + scale(max1):scale(diff2) + trial_no +(1|run_id), data=df, REML=FALSE)"
lmer.7,10,25963.29881,26335.44775,467.315932,5,3.34E-102,10,25885.0652,25963.29881,-12932.5326,25865.0652,92.02776104,1,8.55E-22,"lmer.7 <- lmer(advantageous ~ stable + stress + scale(diff2) + scale(max1) + scale(max1):scale(diff2) + trial_no + cum_reward + (1|run_id), data=df, REML=FALSE)"
lmer.8,11,25954.17448,26339.27201,471.1401958,4,4.93E-103,11,25868.1175,25954.17448,-12923.05875,25846.1175,18.94769481,1,1.34E-05,"lmer.8 <- lmer(advantageous ~ stable + stress + scale(diff2) + scale(max1) + scale(max1):scale(diff2) + trial_no + cum_reward + cum_reward:scale(max1) + (1|run_id), data=df, REML=FALSE)"
