,df,BIC,AICc,dAICc,df,weight,npar,AIC,BIC,logLik,deviance,Chisq,Df,Pr(>Chisq),
lmer.1,4,26370.56329,25785.371,0,11,0.83922008,4,26339.26984,26370.56329,-13165.63492,26331.26984,NA,NA,NA,"lmer.1 <- lmer(advantageous ~ stable +(1|run_id), data=df, REML=FALSE)"
lmer.2,5,26374.5613,25788.67587,3.304873027,10,0.16077992,5,26335.44449,26374.5613,-13162.72225,26325.44449,5.825347728,1,0.015796845,"lmer.2 <- lmer(advantageous ~ stable + stress +(1|run_id), data=df, REML=FALSE)"
lmer.3,6,25994.30596,25902.76606,117.3950568,9,2.70E-26,6,25947.3658,25994.30596,-12967.6829,25935.3658,390.078698,1,7.96E-87,"lmer.3 <- lmer(advantageous ~ stable + stress + scale(diff4) + (1|run_id), data=df, REML=FALSE)"
lmer.4,7,25964.93957,25906.27425,120.9032514,8,4.68E-27,7,25910.17604,25964.93957,-12948.08802,25896.17604,39.18975928,1,3.85E-10,"lmer.4 <- lmer(advantageous ~ stable + stress + scale(diff4) + scale(max3) +(1|run_id), data=df, REML=FALSE)"
lmer.5,8,25968.85334,25910.18211,124.8111047,7,6.63E-28,8,25906.26645,25968.85334,-12945.13322,25890.26645,5.909587965,1,0.015058694,"lmer.5 <- lmer(advantageous ~ stable + stress + scale(diff4) + scale(max3) + scale(max3):scale(diff4) + (1|run_id), data=df, REML=FALSE)"
lmer.6,9,25973.16656,25947.37035,161.9993463,6,5.57E-36,9,25902.7563,25973.16656,-12942.37815,25884.7563,5.510146185,1,0.018906467,"lmer.6 <- lmer(advantageous ~ stable + stress + scale(diff4) + scale(max3) + scale(max3):scale(diff4) + trial_no +(1|run_id), data=df, REML=FALSE)"
lmer.7,10,25866.89756,26335.44775,550.0767435,5,2.99E-120,10,25788.66395,25866.89756,-12884.33197,25768.66395,116.0923525,1,4.54E-27,"lmer.7 <- lmer(advantageous ~ stable + stress + scale(diff4) + scale(max3) + scale(max3):scale(diff4) + trial_no + cum_reward + (1|run_id), data=df, REML=FALSE)"
lmer.8,11,25871.41367,26339.27201,553.9010073,4,4.42E-121,11,25785.35669,25871.41367,-12881.67835,25763.35669,5.307258756,1,0.021236746,"lmer.8 <- lmer(advantageous ~ stable + stress + scale(diff4) + scale(max3) + scale(max3):scale(diff4) + trial_no + cum_reward + cum_reward:scale(max3) + (1|run_id), data=df, REML=FALSE)"
