,df,BIC,AICc,dAICc,df,weight,npar,AIC,BIC,logLik,deviance,Chisq,Df,Pr(>Chisq),
lmer.1,4,26370.56329,26094.06698,0,11,0.999110102,4,26339.26984,26370.56329,-13165.63492,26331.26984,NA,NA,NA,"lmer.1 <- lmer(advantageous ~ stable +(1|run_id), data=df, REML=FALSE)"
lmer.2,5,26374.5613,26108.11401,14.04703161,10,0.000889896,5,26335.44449,26374.5613,-13162.72225,26325.44449,5.825347728,1,0.015796845,"lmer.2 <- lmer(advantageous ~ stable + stress +(1|run_id), data=df, REML=FALSE)"
lmer.3,6,26212.1266,26134.70306,40.63608148,8,1.50E-09,6,26165.18643,26212.1266,-13076.59322,26153.18643,172.2580593,1,2.38E-39,"lmer.3 <- lmer(advantageous ~ stable + stress + scale(diff1) + (1|run_id), data=df, REML=FALSE)"
lmer.4,7,26221.92167,26136.33177,42.26479272,9,6.64E-10,7,26167.15814,26221.92167,-13076.57907,26153.15814,0.028290582,1,0.866427479,"lmer.4 <- lmer(advantageous ~ stable + stress + scale(diff1) + scale(max1) +(1|run_id), data=df, REML=FALSE)"
lmer.5,8,26197.28215,26165.19099,71.12401027,6,3.59E-16,8,26134.69525,26197.28215,-13059.34763,26118.69525,34.46289055,1,4.34E-09,"lmer.5 <- lmer(advantageous ~ stable + stress + scale(diff1) + scale(max1) + scale(max1):scale(diff1) + (1|run_id), data=df, REML=FALSE)"
lmer.6,9,26206.73227,26167.16421,73.09723738,7,1.34E-16,9,26136.32201,26206.73227,-13059.16101,26118.32201,0.3732404,1,0.541243249,"lmer.6 <- lmer(advantageous ~ stable + stress + scale(diff1) + scale(max1) + scale(max1):scale(diff1) + trial_no +(1|run_id), data=df, REML=FALSE)"
lmer.7,10,26186.3357,26335.44775,241.3807688,5,3.84E-53,10,26108.10208,26186.3357,-13044.05104,26088.10208,30.21992978,1,3.86E-08,"lmer.7 <- lmer(advantageous ~ stable + stress + scale(diff1) + scale(max1) + scale(max1):scale(diff1) + trial_no + cum_reward + (1|run_id), data=df, REML=FALSE)"
lmer.8,11,26180.10964,26339.27201,245.2050327,4,5.68E-54,11,26094.05267,26180.10964,-13036.02633,26072.05267,16.04941734,1,6.17E-05,"lmer.8 <- lmer(advantageous ~ stable + stress + scale(diff1) + scale(max1) + scale(max1):scale(diff1) + trial_no + cum_reward + cum_reward:scale(max1) + (1|run_id), data=df, REML=FALSE)"
