,df,BIC,AICc,dAICc,df,weight,npar,AIC,BIC,logLik,deviance,Chisq,Df,Pr(>Chisq),
lmer.1,4,26370.56329,25725.86692,0,11,0.963659011,4,26339.26984,26370.56329,-13165.63492,26331.26984,NA,NA,NA,"lmer.1 <- lmer(advantageous ~ stable +(1|run_id), data=df, REML=FALSE)"
lmer.2,5,26374.5613,25732.4225,6.555582457,10,0.036340989,5,26335.44449,26374.5613,-13162.72225,26325.44449,5.825347728,1,0.015796845,"lmer.2 <- lmer(advantageous ~ stable + stress +(1|run_id), data=df, REML=FALSE)"
lmer.3,6,25994.30596,25864.62607,138.7591529,9,7.12E-31,6,25947.3658,25994.30596,-12967.6829,25935.3658,390.078698,1,7.96E-87,"lmer.3 <- lmer(advantageous ~ stable + stress + scale(diff4) + (1|run_id), data=df, REML=FALSE)"
lmer.4,7,25951.77827,25866.36509,140.4981757,8,2.99E-31,7,25897.01473,25951.77827,-12941.50737,25883.01473,52.35106132,1,4.64E-13,"lmer.4 <- lmer(advantageous ~ stable + stress + scale(diff4) + scale(max2) +(1|run_id), data=df, REML=FALSE)"
lmer.5,8,25928.94418,25897.0208,171.1538852,7,6.58E-38,8,25866.35729,25928.94418,-12925.17865,25850.35729,32.65744423,1,1.10E-08,"lmer.5 <- lmer(advantageous ~ stable + stress + scale(diff4) + scale(max2) + scale(max2):scale(diff4) + (1|run_id), data=df, REML=FALSE)"
lmer.6,9,25935.02657,25947.37035,221.5034289,6,7.67E-49,9,25864.61632,25935.02657,-12923.30816,25846.61632,3.740974411,1,0.053093474,"lmer.6 <- lmer(advantageous ~ stable + stress + scale(diff4) + scale(max2) + scale(max2):scale(diff4) + trial_no +(1|run_id), data=df, REML=FALSE)"
lmer.7,10,25810.64419,26335.44775,609.5808261,5,4.12E-133,10,25732.41058,25810.64419,-12856.20529,25712.41058,134.2057391,1,4.93E-31,"lmer.7 <- lmer(advantageous ~ stable + stress + scale(diff4) + scale(max2) + scale(max2):scale(diff4) + trial_no + cum_reward + (1|run_id), data=df, REML=FALSE)"
lmer.8,11,25811.90959,26339.27201,613.4050899,4,6.09E-134,11,25725.85261,25811.90959,-12851.9263,25703.85261,8.557968186,1,0.003440131,"lmer.8 <- lmer(advantageous ~ stable + stress + scale(diff4) + scale(max2) + scale(max2):scale(diff4) + trial_no + cum_reward + cum_reward:scale(max2) + (1|run_id), data=df, REML=FALSE)"
