,df,BIC,AICc,dAICc,df,weight,npar,AIC,BIC,logLik,deviance,Chisq,Df,Pr(>Chisq),
lmer.1,4,26370.56329,25899.26076,0,11,1,4,26339.26984,26370.56329,-13165.63492,26331.26984,NA,NA,NA,"lmer.1 <- lmer(advantageous ~ stable +(1|run_id), data=df, REML=FALSE)"
lmer.2,5,26374.5613,26251.71588,352.4551166,10,2.92E-77,5,26335.44449,26374.5613,-13162.72225,26325.44449,5.825347728,1,0.015796845,"lmer.2 <- lmer(advantageous ~ stable + stress +(1|run_id), data=df, REML=FALSE)"
lmer.3,6,26384.30348,26257.14892,357.8881628,9,1.93E-78,6,26337.36332,26384.30348,-13162.68166,26325.36332,0.081178453,1,0.775706715,"lmer.3 <- lmer(advantageous ~ stable + stress + stress:stable +(1|run_id), data=df, REML=FALSE)"
lmer.4,7,26341.20834,26286.45087,387.1901139,7,8.37E-85,7,26286.4448,26341.20834,-13136.2224,26272.4448,52.91851069,1,3.48E-13,"lmer.4 <- lmer(advantageous ~ stable + stress + stress:stable + scale(max1) +(1|run_id), data=df, REML=FALSE)"
lmer.5,8,26350.47784,26287.89875,388.6379894,8,4.06E-85,8,26287.89095,26350.47784,-13135.94547,26271.89095,0.553859118,1,0.456745134,"lmer.5 <- lmer(advantageous ~ stable + stress + stress:stable + scale(max1) + scale(max1):scale(diff4) + (1|run_id), data=df, REML=FALSE)"
lmer.6,9,26327.54942,26335.44775,436.1869845,5,1.92E-95,9,26257.13917,26327.54942,-13119.56958,26239.13917,32.75177825,1,1.05E-08,"lmer.6 <- lmer(advantageous ~ stable + stress + stress:stable + scale(max1) + scale(max1):scale(diff4) + scale(max1):scale(diff4):scale(avg)+(1|run_id), data=df, REML=FALSE)"
lmer.7,10,26329.93757,26337.36787,438.1071069,6,7.35E-96,10,26251.70395,26329.93757,-13115.85198,26231.70395,7.435214837,1,0.006395973,"lmer.7 <- lmer(advantageous ~ stable + stress + stress:stable + scale(max1) + scale(max1):scale(diff4) + scale(max1):scale(diff4):scale(avg) + cum_reward + (1|run_id), data=df, REML=FALSE)"
lmer.8,11,25985.30343,26339.27201,440.0112484,4,2.84E-96,11,25899.24645,25985.30343,-12938.62323,25877.24645,354.4575024,1,4.53E-79,"lmer.8 <- lmer(advantageous ~ stable + stress + stress:stable + scale(max1) + scale(diff4) + scale(max1):scale(diff4) + scale(max1):scale(diff4):scale(avg) + cum_reward:scale(avg)+ (1|run_id), data=df, REML=FALSE)"
,,,,,,,,,,,,,,,
,,,,,,,,,,,,,,,
Notes:,,,,,,,,,,,,,,,
"stable, stress, stress:stable, scale(max1), scale(diff4), scale(max1):scale(diff4), scale(max1):scale(diff4):scale(avg), cum_reward:scale(avg)",,,,,,,,,,,,,,,
1. Stress:Stable - Increase in AIC scores,,,,,,,,,,,,,,,
2. Scale(max1) - drop,,,,,,,,,,,,,,,
3. Scale(diff4) - Increase in AIC scores,,,,,,,,,,,,,,,
4. Scale(max1):Scale(diff4) - drop,,,,,,,,,,,,,,,
5. Scale(max1):Scale(diff4):scale(Avg) - drop,,,,,,,,,,,,,,,
6. cum_reward:scale(avg) - Very significant drop,,,,,,,,,,,,,,,
,,,,,,,,,,,,,,,
,,,,,,,,,,,,,,,
"Good variables - Scale(max1), scale(max1):scale(diff4), cum_reward:scale(avg), scale(max1):scale(diff4):scale(avg) ",,,,,,,,,,,,,,,
"Bad variables - Stress:Stable, scale(diff4)",,,,,,,,,,,,,,,
,,,,,,,,,,,,,,,
Key variables - cum_reward:scale(avg),,,,,,,,,,,,,,,
