,df,BIC,AICc,dAICc,df,weight,npar,AIC,BIC,logLik,deviance,Chisq,Df,Pr(>Chisq),
lmer.1,4,26370.56329,25786.40889,0,11,0.999858589,4,26339.26984,26370.56329,-13165.63492,26331.26984,NA,NA,NA,"lmer.1 <- lmer(advantageous ~ stable +(1|run_id), data=df, REML=FALSE)"
lmer.2,5,26374.5613,25804.13629,17.7274007,10,0.000141411,5,26335.44449,26374.5613,-13162.72225,26325.44449,5.825347728,1,0.015796845,"lmer.2 <- lmer(advantageous ~ stable + stress +(1|run_id), data=df, REML=FALSE)"
lmer.3,6,25994.30596,25909.77624,123.36735,8,1.63E-27,6,25947.3658,25994.30596,-12967.6829,25935.3658,390.078698,1,7.96E-87,"lmer.3 <- lmer(advantageous ~ stable + stress + scale(diff3) + (1|run_id), data=df, REML=FALSE)"
lmer.4,7,25978.74648,25910.63294,124.2240476,9,1.06E-27,7,25923.98295,25978.74648,-12954.99147,25909.98295,25.38284873,1,4.70E-07,"lmer.4 <- lmer(advantageous ~ stable + stress + scale(diff3) + scale(max1) +(1|run_id), data=df, REML=FALSE)"
lmer.5,8,25972.35533,25923.98902,137.580124,7,1.33E-30,8,25909.76844,25972.35533,-12946.88422,25893.76844,16.21450863,1,5.66E-05,"lmer.5 <- lmer(advantageous ~ stable + stress + scale(diff3) + scale(max1) + scale(max1):scale(diff3) + (1|run_id), data=df, REML=FALSE)"
lmer.6,9,25981.03344,25947.37035,160.961455,6,1.12E-35,9,25910.62318,25981.03344,-12946.31159,25892.62318,1.14525405,1,0.284544851,"lmer.6 <- lmer(advantageous ~ stable + stress + scale(diff3) + scale(max1) + scale(max1):scale(diff3) + trial_no +(1|run_id), data=df, REML=FALSE)"
lmer.7,10,25882.35798,26335.44775,549.0388522,5,5.99E-120,10,25804.12437,25882.35798,-12892.06218,25784.12437,108.4988156,1,2.09E-25,"lmer.7 <- lmer(advantageous ~ stable + stress + scale(diff3) + scale(max1) + scale(max1):scale(diff3) + trial_no + cum_reward + (1|run_id), data=df, REML=FALSE)"
lmer.8,11,25872.45156,26339.27201,552.8631161,4,8.86E-121,11,25786.39458,25872.45156,-12882.19729,25764.39458,19.72978643,1,8.92E-06,"lmer.8 <- lmer(advantageous ~ stable + stress + scale(diff3) + scale(max1) + scale(max1):scale(diff3) + trial_no + cum_reward + cum_reward:scale(max1) + (1|run_id), data=df, REML=FALSE)"
