,df,BIC,AICc,dAICc,df,weight,npar,AIC,BIC,logLik,deviance,Chisq,Df,Pr(>Chisq),
lmer.1,4,26370.56329,25833.6951,0,11,1,4,26339.26984,26370.56329,-13165.63492,26331.26984,NA,NA,NA,"lmer.1 <- lmer(advantageous ~ stable +(1|run_id), data=df, REML=FALSE)"
lmer.2,5,26374.5613,25902.2312,68.53610004,10,1.31E-15,5,26335.44449,26374.5613,-13162.72225,26325.44449,5.825347728,1,0.015796845,"lmer.2 <- lmer(advantageous ~ stable + stress +(1|run_id), data=df, REML=FALSE)"
lmer.3,6,26384.30348,25911.26133,77.56623797,9,1.43E-17,6,26337.36332,26384.30348,-13162.68166,26325.36332,0.081178453,1,0.775706715,"lmer.3 <- lmer(advantageous ~ stable + stress + stress:stable +(1|run_id), data=df, REML=FALSE)"
lmer.4,7,26341.20834,25925.50344,91.80833977,8,1.16E-20,7,26286.4448,26341.20834,-13136.2224,26272.4448,52.91851069,1,3.48E-13,"lmer.4 <- lmer(advantageous ~ stable + stress + stress:stable + scale(max1) +(1|run_id), data=df, REML=FALSE)"
lmer.5,8,25988.08252,26286.45087,452.7557776,7,4.85E-99,8,25925.49563,25988.08252,-12954.74782,25909.49563,362.9491724,1,6.42E-81,"lmer.5 <- lmer(advantageous ~ stable + stress + stress:stable + scale(max1) + scale(diff4) +(1|run_id), data=df, REML=FALSE)"
lmer.6,9,25981.66183,26335.44775,501.7526482,5,1.11E-109,9,25911.25158,25981.66183,-12946.62579,25893.25158,16.24405345,1,5.57E-05,"lmer.6 <- lmer(advantageous ~ stable + stress + stress:stable + scale(max1) + scale(diff4) + scale(max1):scale(diff4) +(1|run_id), data=df, REML=FALSE)"
lmer.7,10,25980.45289,26337.36787,503.6727706,6,4.25E-110,10,25902.21927,25980.45289,-12941.10964,25882.21927,11.0323066,1,0.000895377,"lmer.7 <- lmer(advantageous ~ stable + stress + stress:stable + scale(max1) + scale(diff4) + scale(max1):scale(diff4) + scale(max1):scale(diff4):scale(avg) +(1|run_id), data=df, REML=FALSE)"
lmer.8,11,25919.73776,26339.27201,505.5769121,4,1.64E-110,11,25833.68079,25919.73776,-12905.84039,25811.68079,70.53848577,1,4.51E-17,"lmer.8 <- lmer(advantageous ~ stable + stress + stress:stable + scale(max1) + scale(diff4) + scale(max1):scale(diff4) + scale(max1):scale(diff4):scale(avg) + cum_reward + (1|run_id), data=df, REML=FALSE)"
,,,,,,,,,,,,,,,
,,,,,,,,,,,,,,,
,,,,,,,,,,,,,,,
Notes:,,,,,,,,,,,,,,,
"stable, stress, stress:stable, scale(max1), scale(diff4), scale(max1):scale(diff4), scale(max1):scale(diff4):scale(avg), cum_reward",,,,,,,,,,,,,,,
1. Stress - drop in scores,,,,,,,,,,,,,,,
2. Stress:Stable - Increase in scores,,,,,,,,,,,,,,,
3. Scale(max1) -  drop,,,,,,,,,,,,,,,
4. Scale(diff4) -  significant drop,,,,,,,,,,,,,,,
5. Scale(Max1):Scale(Diff4) - drop,,,,,,,,,,,,,,,
6. Cum_reward - significant drop,,,,,,,,,,,,,,,
7. Scale(max1):Scale(diff4):Scale(Avg) - drop,,,,,,,,,,,,,,,
,,,,,,,,,,,,,,,
"Good variables - stable, stress, scale(max1), scale(diff4), scale(max1):scale(diff4), scale(max1):scale(diff4):scale(avg), cum_reward",,,,,,,,,,,,,,,
Bad variables - Stress:Stable,,,,,,,,,,,,,,,
,,,,,,,,,,,,,,,
"Key variables - scale(max1), cum_reward(?)",,,,,,,,,,,,,,,
