,df,BIC,AICc,dAICc,df,weight,npar,AIC,BIC,logLik,deviance,Chisq,Df,Pr(>Chisq),
lmer.1,4,26370.56329,25888.8439,0,11,0.999945629,4,26339.26984,26370.56329,-13165.63492,26331.26984,NA,NA,NA,"lmer.1 <- lmer(advantageous ~ stable +(1|run_id), data=df, REML=FALSE)"
lmer.2,5,26374.5613,25908.48315,19.63925884,10,5.44E-05,5,26335.44449,26374.5613,-13162.72225,26325.44449,5.825347728,1,0.015796845,"lmer.2 <- lmer(advantageous ~ stable + stress +(1|run_id), data=df, REML=FALSE)"
lmer.3,6,25994.30596,25946.91313,58.06923009,9,2.46E-13,6,25947.3658,25994.30596,-12967.6829,25935.3658,390.078698,1,7.96E-87,"lmer.3 <- lmer(advantageous ~ stable + stress + scale(diff4) + (1|run_id), data=df, REML=FALSE)"
lmer.4,7,26003.16042,25947.37035,58.52645287,6,1.95E-13,7,25948.39689,26003.16042,-12967.19845,25934.39689,0.968902945,1,0.324953934,"lmer.4 <- lmer(advantageous ~ stable + stress + scale(diff4) + scale(max4) +(1|run_id), data=df, REML=FALSE)"
lmer.5,8,26010.03935,25947.46027,58.61637163,8,1.87E-13,8,25947.45246,26010.03935,-12965.72623,25931.45246,2.944430651,1,0.086174061,"lmer.5 <- lmer(advantageous ~ stable + stress + scale(diff4) + scale(max4) + scale(max4):scale(diff4) + (1|run_id), data=df, REML=FALSE)"
lmer.6,9,26017.31362,25948.40296,59.55906763,7,1.17E-13,9,25946.90337,26017.31362,-12964.45168,25928.90337,2.54909318,1,0.11035758,"lmer.6 <- lmer(advantageous ~ stable + stress + scale(diff4) + scale(max4) + scale(max4):scale(diff4) + trial_no +(1|run_id), data=df, REML=FALSE)"
lmer.7,10,25986.70484,26335.44775,446.6038501,5,1.05E-97,10,25908.47123,25986.70484,-12944.23561,25888.47123,40.43213992,1,2.04E-10,"lmer.7 <- lmer(advantageous ~ stable + stress + scale(diff4) + scale(max4) + scale(max4):scale(diff4) + trial_no + cum_reward + (1|run_id), data=df, REML=FALSE)"
lmer.8,11,25974.88656,26339.27201,450.4281139,4,1.55E-98,11,25888.82958,25974.88656,-12933.41479,25866.82958,21.64164456,1,3.29E-06,"lmer.8 <- lmer(advantageous ~ stable + stress + scale(diff4) + scale(max4) + scale(max4):scale(diff4) + trial_no + cum_reward + cum_reward:scale(max4) + (1|run_id), data=df, REML=FALSE)"
