,df,BIC,AICc,dAICc,df,weight,npar,AIC,BIC,logLik,deviance,Chisq,Df,Pr(>Chisq),
lmer.1,4,22073.29917,21721.08086,0,11,0.99662935,4,22042.71642,22073.29917,-11017.35821,22034.71642,NA,NA,NA,"lmer.1 <- lmer(advantageous ~ stable +(1|run_id), data=df, REML=FALSE)"
lmer.2,5,22076.37788,21733.89302,12.81216612,9,0.001645914,5,22038.14944,22076.37788,-11014.07472,22028.14944,6.566979391,1,0.010388813,"lmer.2 <- lmer(advantageous ~ stable + stress +(1|run_id), data=df, REML=FALSE)"
lmer.3,6,22081.07611,21734.87499,13.79413099,8,0.00100734,6,22035.20198,22081.07611,-11011.60099,22023.20198,4.947459004,1,0.026129045,"lmer.3 <- lmer(advantageous ~ stable + schiz_score + schiz_score:stable +(1|run_id), data=df, REML=FALSE)"
lmer.4,7,22029.84036,21735.55387,14.4730119,10,0.000717396,7,21976.32055,22029.84036,-10981.16027,21962.32055,60.88143178,1,6.06E-15,"lmer.4 <- lmer(advantageous ~ stable + schiz_score + schiz_score:stable + scale(max1) +(1|run_id), data=df, REML=FALSE)"
lmer.5,8,21796.03117,21976.3278,255.2469404,7,3.74E-56,8,21734.86567,21796.03117,-10859.43283,21718.86567,243.4548816,1,6.94E-55,"lmer.5 <- lmer(advantageous ~ stable + schiz_score + schiz_score:stable + scale(max1) + scale(diff4) +(1|run_id), data=df, REML=FALSE)"
lmer.6,9,21802.69256,22035.20742,314.1265592,6,6.12E-69,9,21733.88137,21802.69256,-10857.94068,21715.88137,2.984296332,1,0.084075824,"lmer.6 <- lmer(advantageous ~ stable + schiz_score + schiz_score:stable + scale(max1) + scale(diff4) + scale(max1):scale(diff4) +(1|run_id), data=df, REML=FALSE)"
lmer.7,10,21811.9965,22038.15332,317.0724643,5,1.40E-69,10,21735.53962,21811.9965,-10857.76981,21715.53962,0.341744974,1,0.558823718,"lmer.7 <- lmer(advantageous ~ stable + schiz_score + schiz_score:stable + scale(max1) + scale(diff4) + scale(max1):scale(diff4) + scale(max1):scale(diff4):scale(avg) +(1|run_id), data=df, REML=FALSE)"
lmer.8,11,21805.16633,22042.71901,321.6381489,4,1.43E-70,11,21721.06376,21805.16633,-10849.53188,21699.06376,16.47586201,1,4.93E-05,"lmer.8 <- lmer(advantageous ~ stable + schiz_score + schiz_score:stable + scale(max1) + scale(diff4) + scale(max1):scale(diff4) + scale(max1):scale(diff4):scale(avg) + cum_reward + (1|run_id), data=df, REML=FALSE)"
