,df,BIC,AICc,dAICc,df,weight,npar,AIC,BIC,logLik,deviance,Chisq,Df,Pr(>Chisq),
lmer.1,4,22073.29917,21653.24145,0,10,0.712026353,4,22042.71642,22073.29917,-11017.35821,22034.71642,NA,NA,NA,"lmer.1 <- lmer(advantageous ~ stable +(1|run_id), data=df, REML=FALSE)"
lmer.2,5,22081.43151,21655.05376,1.812316964,11,0.287710982,5,22043.20307,22081.43151,-11016.60154,22033.20307,1.513346142,1,0.218629204,"lmer.2 <- lmer(advantageous ~ stable + schiz_score +(1|run_id), data=df, REML=FALSE)"
lmer.3,6,22067.04298,21669.05142,15.80997713,9,0.000262666,6,22021.16885,22067.04298,-11004.58443,22009.16885,24.03421703,1,9.46E-07,"lmer.3 <- lmer(advantageous ~ stable + schiz_score + scale(avg) + (1|run_id), data=df, REML=FALSE)"
lmer.4,7,21795.7158,21718.66493,65.42348686,8,4.43E-15,7,21742.19598,21795.7158,-10864.09799,21728.19598,280.9728739,1,4.61E-63,"lmer.4 <- lmer(advantageous ~ stable + schiz_score + scale(avg) + scale(max1) +(1|run_id), data=df, REML=FALSE)"
lmer.5,8,21779.82111,21742.20323,88.96178505,7,3.43E-20,8,21718.65561,21779.82111,-10851.32781,21702.65561,25.54037039,1,4.33E-07,"lmer.5 <- lmer(advantageous ~ stable + schiz_score + scale(avg) + scale(max1) + scale(max1):scale(avg) + (1|run_id), data=df, REML=FALSE)"
lmer.6,9,21737.85096,22021.17429,367.932846,6,9.06E-81,9,21669.03977,21737.85096,-10825.51988,21651.03977,51.61584119,1,6.75E-13,"lmer.6 <- lmer(advantageous ~ stable + schiz_score + scale(avg) + scale(max1) + scale(max1):scale(avg) + scale(diff1) +(1|run_id), data=df, REML=FALSE)"
lmer.7,10,21729.68408,22042.71901,389.4775606,4,1.90E-85,10,21653.2272,21729.68408,-10816.6136,21633.2272,17.81256789,1,2.44E-05,"lmer.7 <- lmer(advantageous ~ stable + schiz_score + scale(avg) + scale(max1) + scale(max1):scale(avg) + scale(diff1) + cum_reward + (1|run_id), data=df, REML=FALSE)"
lmer.8,11,21739.13923,22043.20696,389.9655092,5,1.49E-85,11,21655.03667,21739.13923,-10816.51833,21633.03667,0.190533146,1,0.662473255,"lmer.8 <- lmer(advantageous ~ stable + schiz_score + scale(avg) + scale(max1) + scale(max1):scale(avg) + scale(diff1) + cum_reward + cum_reward:scale(max1) + (1|run_id), data=df, REML=FALSE)"
