,df,BIC,AICc,dAICc,df,weight,npar,AIC,BIC,logLik,deviance,Chisq,Df,Pr(>Chisq),
lmer.1,4,22073.29917,21657.68214,0,11,0.999316419,4,22042.71642,22073.29917,-11017.35821,22034.71642,NA,NA,NA,"lmer.1 <- lmer(advantageous ~ stable +(1|run_id), data=df, REML=FALSE)"
lmer.2,5,22081.43151,21672.2576,14.57545872,10,0.000683412,5,22043.20307,22081.43151,-11016.60154,22033.20307,1.513346142,1,0.218629204,"lmer.2 <- lmer(advantageous ~ stable + schiz_score +(1|run_id), data=df, REML=FALSE)"
lmer.3,6,21794.27717,21688.8645,31.18235656,9,1.69E-07,6,21748.40305,21794.27717,-10868.20152,21736.40305,296.8000245,1,1.64E-66,"lmer.3 <- lmer(advantageous ~ stable + schiz_score + scale(diff4) + (1|run_id), data=df, REML=FALSE)"
lmer.4,7,21774.47789,21711.08459,53.40245109,8,2.53E-12,7,21720.95807,21774.47789,-10853.47904,21706.95807,29.44497388,1,5.75E-08,"lmer.4 <- lmer(advantageous ~ stable + schiz_score + scale(diff4) + scale(max2) +(1|run_id), data=df, REML=FALSE)"
lmer.5,8,21772.24077,21720.96532,63.28318342,7,1.81E-14,8,21711.07527,21772.24077,-10847.53763,21695.07527,11.88280453,1,0.000566546,"lmer.5 <- lmer(advantageous ~ stable + schiz_score + scale(diff4) + scale(max2) + scale(max2):scale(diff4) + (1|run_id), data=df, REML=FALSE)"
lmer.6,9,21757.66403,21748.40848,90.72634429,6,1.99E-20,9,21688.85284,21757.66403,-10835.42642,21670.85284,24.22242599,1,8.58E-07,"lmer.6 <- lmer(advantageous ~ stable + schiz_score + scale(diff4) + scale(max2) + scale(max2):scale(diff4) + scale(diff1) +(1|run_id), data=df, REML=FALSE)"
lmer.7,10,21748.70023,22042.71901,385.0368663,4,2.45E-84,10,21672.24335,21748.70023,-10826.12168,21652.24335,18.6094886,1,1.60E-05,"lmer.7 <- lmer(advantageous ~ stable + schiz_score + scale(diff4) + scale(max2) + scale(max2):scale(diff4) + scale(diff1) + cum_reward + (1|run_id), data=df, REML=FALSE)"
lmer.8,11,21741.76761,22043.20696,385.5248149,5,1.92E-84,11,21657.66505,21741.76761,-10817.83252,21635.66505,16.57830883,1,4.67E-05,"lmer.8 <- lmer(advantageous ~ stable + schiz_score + scale(diff4) + scale(max2) + scale(max2):scale(diff4) + scale(diff1) + cum_reward + cum_reward:scale(max2) + (1|run_id), data=df, REML=FALSE)"
